RESNR,RESTYPE,RESCHAIN,RESNR_LIG,RESTYPE_LIG,RESCHAIN_LIG,DIST,LIGCARBONIDX,PROTCARBONIDX,LIGCOO,PROTCOO
32,TRP,B,201,DL3,B,3.68,1258,269,"(-32.42, 10.869, -3.532)","(-32.139, 14.508, -3.994)"
32,TRP,B,201,DL3,B,4.00,1259,268,"(-32.418, 10.308, -4.95)","(-33.075, 14.253, -5.0)"
38,LEU,B,201,DL3,B,3.81,1258,309,"(-32.42, 10.869, -3.532)","(-28.915, 12.352, -3.473)"
47,ALA,B,201,DL3,B,3.83,1257,374,"(-33.223, 9.82, -2.728)","(-31.504, 11.321, 0.346)"
49,VAL,B,201,DL3,B,3.53,1257,391,"(-33.223, 9.82, -2.728)","(-36.122, 9.948, -0.714)"
53,ILE,B,201,DL3,B,3.87,1246,425,"(-36.247, 5.607, -4.943)","(-39.303, 7.667, -3.753)"
59,VAL,B,201,DL3,B,3.67,1237,469,"(-40.011, 2.539, -6.104)","(-40.934, 5.926, -7.185)"
109,ILE,B,201,DL3,B,3.70,1247,892,"(-35.314, 6.251, -5.757)","(-35.634, 5.243, -9.303)"
147,LEU,B,201,DL3,B,3.69,1248,1193,"(-34.475, 4.402, -3.857)","(-33.321, 5.416, -0.507)"
147,LEU,B,201,DL3,B,3.85,1257,1194,"(-33.223, 9.82, -2.728)","(-32.001, 7.461, 0.053)"
129,ILE,B,201,DL3,B,3.78,1249,1032,"(-33.539, 5.035, -4.651)","(-31.221, 2.841, -2.625)"
